<beans xmlns="http://www.springframework.org/schema/beans"
	xmlns:xsi="http://www.w3.org/2001/XMLSchema-instance"
	xmlns:mvc="http://www.springframework.org/schema/mvc"
	xmlns:context="http://www.springframework.org/schema/context"
	xsi:schemaLocation="
	http://www.springframework.org/schema/mvc http://www.springframework.org/schema/mvc/spring-mvc-3.0.xsd
	http://www.springframework.org/schema/beans http://www.springframework.org/schema/beans/spring-beans-3.0.xsd
	http://www.springframework.org/schema/context http://www.springframework.org/schema/context/spring-context-3.0.xsd">

	<context:component-scan base-package="com.iNautix" />
	<mvc:annotation-driven></mvc:annotation-driven>
	<context:component-scan base-package="com.Controller" />
	<mvc:annotation-driven></mvc:annotation-driven>
	<context:component-scan base-package="com.Service" />
	<mvc:annotation-driven></mvc:annotation-driven>
	<context:component-scan base-package="com.Dao" />
	<mvc:annotation-driven></mvc:annotation-driven>

	<bean id="viewResolver"                           
		class="org.springframework.web.servlet.view.InternalResourceViewResolver">
		<property name="prefix" value="/" />
		<property name="suffix" value=".jsp" />
	</bean>

	<bean class="org.apache.commons.dbcp.BasicDataSource" id="myDataSource">
		<property value="oracle.jdbc.driver.OracleDriver" name="driverClassName" />
		<property value="jdbc:oracle:thin:@10.232.71.29:1521:INATP02"
			name="url" />
		<property value="trng01" name="username" />
		<property value="welcome123$" name="password" />
	</bean>

	<bean class="org.springframework.jdbc.core.JdbcTemplate" id="jdbcTemplate">
		<property name="dataSource">
			<ref local="myDataSource" />
		</property>
	</bean> 

</beans>